Path,SizeBytes,Tracked
Analysis_and_Unified.md,1646,True
CODEBASE_TREE_GRAPH.md,19589,True
Constructors.md,976,True
DRIVER_SYNC_COMPLETION.md,25149,True
Drivers.md,1712,True
ENDPOINTS_TO_MODELS_MAPPING.md,19960,True
ENDPOINT_STORAGE_MAP.md,12074,True
MODULE_Q_COMPLETION.md,6851,True
MODULE_R_COMPLETION.md,6461,True
MODULE_S_COMPLETION.md,14513,True
MODULE_S_IMPLEMENTATION_PLAN.md,12192,True
MODULE_T_COMPLETION.md,12928,True
MODULE_U_COMPLETION.md,17197,True
MODULE_VW_COMPLETION.md,10081,True
MODULE_X_COMPLETION.md,8998,True
MODULE_Y_COMPLETION.md,13595,True
PHASE_2C_COMPLETION_SUMMARY.md,10836,True
PHASE_6_IMPLEMENTATION.md,8153,True
REGISTRATION_FLOW.md,8834,True
Results.md,1288,True
SESSION_SUMMARY.md,22549,True
Services_and_Tasks.md,1994,True
Utilities_and_Tests.md,1606,True
backend/api/services/CONSISTENCY_METRIC_CONTRACT.md,7756,True
backend/api/services/UNIFIED_SERVICE_DESIGN.md,9737,True
f1_api_optimization_prompt (1).md,52606,True
